State,Run1,Run2,Run3,Mean,Std
010,963,1580,1742,1428.333333,335.6211489
100,775,337,233,448.3333333,234.8578766
101,306,291,218,271.6666667,38.43898484
011,265,128,139,177.3333333,62.15214308
001,191,164,168,174.3333333,11.8977122
