State,Run1,Run2,Run3,Mean,Std
010,840,860,850,850,8.164965809
001,826,811,840,825.6666667,11.84154645
100,834,829,810,824.3333333,10.33870828
