State,Run1,Run2,Run3,Mean,Std
101,1486,0,28,504.6666667,694.001601
011,354,1,0,118.3333333,166.6419982
010,275,353,1165,597.6666667,402.427081
100,212,675,265,384,206.9025536
000,173,43,99,105,53.24158775
001,0,1374,922,765.3333333,571.7676296
110,0,54,21,25,22.22611077
111,0,0,0,0,0
