State,Run1,Run2,Run3,Mean,Std
1,495,484,508,495.6666667,9.809292646
10,505,516,492,504.3333333,9.809292646
