State,Run1,Run2,Run3,Mean,Std
1,331,330,349,336.6666667,8.730533902
10,318,311,325,318,5.715476066
100,351,359,326,345.3333333,14.05544576
