State,Run1,Run2,Run3,Mean,Std
10,1023,850,669,847.3333333,144.5321956
100,757,922,673,784,103.4311365
1,703,711,1131,848.3333333,199.9021983
