State,Run1,Run2,Run3,Mean,Std
010,1263,475,495,744.3333333,366.8435937
100,694,1597,1524,1271.666667,409.5577561
101,248,108,142,166,59.62102537
011,188,209,216,204.3333333,11.8977122
001,107,111,123,113.6666667,6.798692685
