State,Run1,Run2,Run3,Mean,Std
101,673,616,677,655.3333333,27.86076493
110,656,671,645,657.3333333,10.65624491
010,589,678,610,625.6666667,37.9853773
100,582,535,568,561.6666667,19.70335561
